{
    // See https://go.microsoft.com/fwlink/?LinkId=733558 
    // for the documentation about the tasks.json format
    "version": "2.0.0",
    "tasks": [
        {
            "type": "shell",
            "label": "g++.exe build active file",//任务的名字，就是刚才在命令面板中选择的时候所看到的，可以自己设置
            "command": "D:/CodeMinGw/mingw64/bin/g++.exe",
            "args": [//编译时候的参数
                "-g",//添加gdb调试选项
                "${file}",
                "-o",//指定生成可执行文件的名称
                "${fileDirname}\\${fileBasenameNoExtension}.exe",
                "-fexec-charset=GBK"
            ],
            "options": {
                "cwd": "D:/CodeMinGw/mingw64/bin"
            },
            "problemMatcher": [
                "$gcc"
            ],
            "group": {
                "kind": "build",
                "isDefault": true//表示快捷键Ctrl+Shift+B可以运行该任务
            }
        }
    ]
}